sentence,label,polygon_name,h3_cell,latitude,longitude,source,region,source_url,source_item_id,language
"Şimal-şərqi Afrikada yerləşən, Misir və Sudan arasında mübahisəli olan və Misir tərəfindən idarə edilən üçbucaqşəkilli ərazi.",no,مثلث حلايب,8353a0fffffffff,22.650665150000002,35.5948757,description,egypt,https://www.openstreetmap.org/relation/4081614,332917270763f114,az
Fərdi tennis dərsləri təklif olunur.,no,,83674cfffffffff,10.46229565,-66.83131295000001,description,venezuela,https://www.openstreetmap.org/way/585252064,9aac252603938bf9,az
Ərazidəki bir neçə obyektdən biri.,no,Tar-o Sar (outer site),834353fffffffff,30.58889775,62.066776450000006,description,afghanistan,https://www.openstreetmap.org/way/548041915,8b35cc09a4fcea4c,az
Ray Martin tərəfindən 11 000 metr yüksəklikdən uçarkən təsadüfən aşkar edilib.,no,Running Man Rock,839d4dfffffffff,-22.2342085,138.59343255,description,australia,https://www.openstreetmap.org/way/1357774915,e52f2c6daf4c67e0,az
İsti bulaqlar üçün soyunub-geyinmə otağı,no,,831b20fffffffff,60.50744835,-45.333777749999996,description,greenland,https://www.openstreetmap.org/way/235199923,dbaf8c246c238ba4,az
"“We of the Never Never” filmi/kitabında adı çəkilən bir neçə kişi: Aeneas James Gunn, The Maluka, John McLennan, Tom Pearce, J.H. George Conway, William Cleary, Jack Angus Grant, Edward Liddle.",no,Elsey Cemetery,839c4bfffffffff,-15.07868075,133.1233692,description,australia,https://www.openstreetmap.org/way/263012688,a4b350fa988b3ed7,az
Köppen–Geiger iqlim təsnifatında BW kimi təsnif edilən Avstraliya materikinin hissələri.,no,,83b81bfffffffff,-26.442344900000002,128.98425255,description,australia,https://www.openstreetmap.org/relation/8043873,625e874a2fcd67a6,az
"Görünür, konstruksiyanın bir küncü çatışmır.",no,,836a12fffffffff,4.7370529,22.7134542,description,central-african-republic,https://www.openstreetmap.org/way/847721727,9a79fc0926438312,az
Qonaq evi,no,La caz' a Chisy,83a250fffffffff,-21.13996735,55.4892943,description,reunion,https://www.openstreetmap.org/way/1019728759,083f49bdf6a21995,az
Yerli rəssamların hazırladığı əl işlərini satır.,no,Local Artists Tamarindo,836d6afffffffff,10.29873755,-85.84095925,description,costa-rica,https://www.openstreetmap.org/way/392328154,411885f8b3daaeb5,az
İçəridə müasir mebellər və pilləkənlərin rotundası qorunub saxlanılıb.,no,"Beer, Sondheimer & Co. Gebäude",831faefffffffff,50.1159844,8.6676173,description,hessen,https://www.openstreetmap.org/way/42730588,6b03f260f8e42fab,az
"Elektrik enerjisi Avstraliyanın Kvinslend ştatında, Keyp-York yarımadasının qərb tərəfində yerləşən Weipa boksit mədənini, emal obyektlərini və qəsəbəni təmin edir.",no,Weipa Solar Farm,839ce4fffffffff,-12.64685385,141.85648745,description,australia,https://www.openstreetmap.org/way/1229842269,1c891733227be641,az
Tədqiqat tələbələri üçün,no,ABU Institute lib,835818fffffffff,11.15120385,7.65502275,description,nigeria,https://www.openstreetmap.org/way/483941738,45361615e390b1a7,az
"Metal qırıntıları, yoxsa?",no,,83540cfffffffff,15.16910425,-12.176872849999999,description,mauritania,https://www.openstreetmap.org/way/1079848653,8dfac4a3dba8ddef,az
Uçuş zolağı?,yes,Airstrip,8352e6fffffffff,15.22977665,44.983853100000005,description,yemen,https://www.openstreetmap.org/way/798881102,e589688820307ef6,az
1966–1989-cu illərdə keçmiş SSRİ tərəfindən dənizə atılmış nüvə tullantıları,no,,830111fffffffff,72.5,35.0,description,russia-northwestern-fed-district,https://www.openstreetmap.org/relation/11285920,e9088cc3698b77f3,az
Naviqasiyaya keç,no,Launchpad 41/15,8321a9fffffffff,45.9736039,63.66350095,description,kazakhstan,https://www.openstreetmap.org/way/169401013,e316f8b8e6426ef9,az
2019-cu ilin iyununda açılıb,no,Trison,8372d6fffffffff,-4.262987799999999,139.68465105,description,indonesia-papua,https://www.openstreetmap.org/way/767407882,e0c46181d6f78444,az
Playa,yes,,8338d4fffffffff,26.347407500000003,1.4621255,description,algeria,https://www.openstreetmap.org/way/1251874682,4d89e54803598cc9,az
Keçmiş Holy Name Retreat House-un yeri; Green Bay Katolik Yeparxiyasına məxsus olub və onun tərəfindən idarə edilib.,no,,832740fffffffff,45.19913735,-87.34064065,description,us-wisconsin,https://www.openstreetmap.org/relation/11195573,ef1b719ae03b0453,az
"İncəsənət və əyləncə, rəqs məktəbləri, rəqs studiyaları, uşaqlar üçün fəaliyyətlər, musiqi məktəbləri, qeyri-kommersiya təşkilatları, özəl məktəblər, fərdi müəllimlər, ictimai incəsənət, gənclər klubu",no,San Angelo Broadway Academy,83488afffffffff,31.4527921,-100.46448895,description,us-texas,https://www.openstreetmap.org/way/782694783,27f525c411d99115,az
M’hamid El Ghizlane vahə şəhərindən piyada 20 dəqiqəlik məsafədə yerləşir.,no,Desert Camp Chraika,8338a4fffffffff,29.8385325,-5.7381302000000005,description,morocco,https://www.openstreetmap.org/way/1175183601,3e235c9d8355bc59,az
Böyük dualar,no,2nd biggest Mosque,8358b5fffffffff,9.454903250000001,0.81155555,description,togo,https://www.openstreetmap.org/way/403445668,51f860d83e26c40a,az
Üzmək üçün əla yerdir.,no,Jhaji Beach,83640bfffffffff,11.388757049999999,92.5899435,description,india-southern-zone,https://www.openstreetmap.org/relation/9964540,42cbd0df454cc48c,az
Pulsuz fəaliyyətlər üçün örtülü ərazi,yes,,83a813fffffffff,-22.95501775,-47.054361,description,brazil-sudeste,https://www.openstreetmap.org/way/548704198,49b3ad4c9313791f,az
"Uyğundur, şimal-qərb (550 m istifadə oluna bilər)",no,Pibor Airport,836a46fffffffff,6.79846435,33.126115299999995,description,south-sudan,https://www.openstreetmap.org/way/254760296,06ad8bca5b9e0ace,az
Tərk edilib.,no,BLC Gas Station,836940fffffffff,15.336570649999999,119.96618345,description,philippines,https://www.openstreetmap.org/way/1080703682,5e6b5a174f4e6e8a,az
"Təzə bişmiş çörəklə hazırlanmış sendviçlər, müxtəlif ev salatları və tam səhər yeməyi təqdim edən yerli delikates dükanı.",no,Calabash Deli,832ad3fffffffff,33.8911925,-78.5662103,description,us-north-carolina,https://www.openstreetmap.org/way/349880224,081a02879c3a55a9,az
Burgerlər və pivələr,no,Kite Cable Cafe.,836589fffffffff,12.388952450000001,99.96708555000001,description,thailand,https://www.openstreetmap.org/way/321076261,5d7dd65f62b249e5,az
"Duşlar yalnız gündə 4 əlverişsiz saat ərzində mövcuddur (9–11, 21–23).",no,Rada Tilly Camping Municipal,83cf9efffffffff,-45.91740615,-67.55084740000001,description,argentina,https://www.openstreetmap.org/way/496391696,a50fa7112a365a2a,az
Tərk edilib,no,,830a2efffffffff,66.45463755,86.05173195,description,russia-siberian-fed-district,https://www.openstreetmap.org/way/204214264,f43bc8a1b83a25b4,az
Bu ərazi daxilində məhdudiyyətlər və qadağan olunmuş fəaliyyətlərlə bağlı dənizçilərə 2013-cü il Niuē Dəniz Zonaları Aktına uyğun olaraq 2020-ci il Niuē Moana Dəniz Mühafizə Ərazisi Qaydalarına müraciət etmək tövsiyə olunur.,no,Niuē Moana Mahu Marine Protected Area,839ba5fffffffff,-20.3330657,-168.2733568,description,niue,https://www.openstreetmap.org/relation/13460178,f5a9a17080054b5e,az
2 nəfər üçün xidmət haqqı daxil olmaqla ödəniş: Rs. 5889.15,no,National Park Office - Marine Park - Pigeon Island,836113fffffffff,8.69350235,81.1947702,description,sri-lanka,https://www.openstreetmap.org/way/658409583,930bf4390a6004ac,az
Suyun qızdırılması,no,Mariental Abattoir Solar Water Heating,83ad9dfffffffff,-24.560816350000003,17.9620812,description,namibia,https://www.openstreetmap.org/way/1085106308,4220b789641c75b1,az
Konstruksiyanın artıq mövcud olmaması mümkündür.,no,,836ac0fffffffff,1.0821684999999999,30.2394529,description,congo-democratic-republic,https://www.openstreetmap.org/way/635454166,b0fb6cddcdf4244e,az
İctimaiyyət üçün açıqdır;,no,Swenson Forest Preserve,832754fffffffff,46.856983549999995,-91.09465929999999,description,us-wisconsin,https://www.openstreetmap.org/relation/10768565,da998f3729b6db77,az
Şaxələnən çay kanalları,no,,8359a2fffffffff,15.67243465,-2.1903658999999998,description,mali,https://www.openstreetmap.org/way/683188553,42fcf317b6e0d476,az
qışda xidmət yoxdur,no,Mobilstellplatz Ottenschlag,831e33fffffffff,48.4239068,15.2275785,description,austria,https://www.openstreetmap.org/way/1433377208,ec1b06bffd05a147,az
İnşa edilmiş bina,no,,839621fffffffff,-15.7420654,28.1708032,description,zambia,https://www.openstreetmap.org/way/508424914,f6254e484fc4012a,az
Üç müstəqil otaq kirayələyin,no,Casa El Chechy,834430fffffffff,22.616627049999998,-83.7097584,description,cuba,https://www.openstreetmap.org/way/655181725,c9273b8b3965b330,az
2010-cu ildə mərcan rifinə çırpılıb,no,Nand Aparajita,836008fffffffff,10.54110005,72.61883485,description,india-southern-zone,https://www.openstreetmap.org/way/1481582099,07c5371c1c77df1c,az
Cığır və futbol meydançası?,yes,,832e01fffffffff,39.4783446,141.9493776,description,japan-tohoku,https://www.openstreetmap.org/way/929335762,f3b92f514916209a,az
Niderland Krallığının tərkib ölkəsi.,no,Aruba,836773fffffffff,12.54041475,-69.9654068,description,venezuela,https://www.openstreetmap.org/relation/1231749,ada65a916e621803,az
2019-cu ildə Pieridae Energy tərəfindən alınıb,no,Waterton Gas Plant,8312c8fffffffff,49.307058049999995,-114.00047065,description,canada-alberta,https://www.openstreetmap.org/way/685968468,ec53bd73a7830fe1,az
"Bu, VAB-ın ən hündür hissəsidir və JAXA-ya görə: “VAB-ın hündürlüyü 81 metr, eni 64 metr, dərinliyi isə 34,5 metrdir.”",no,,834b73fffffffff,30.40357835,130.97348465,description,japan-kyushu,https://www.openstreetmap.org/way/874877644,d51fed9ce5233386,az
Evin yanındakı yardımçı bina,yes,,836488fffffffff,17.713385350000003,95.20114095,description,myanmar,https://www.openstreetmap.org/way/690726088,5d9aaa49dc85073f,az
WYSEF üçün bina,yes,WYSEF Building,832896fffffffff,44.6574896,-111.1083461,description,us-montana,https://www.openstreetmap.org/way/1337238568,fbbead90db822e4b,az
Makqadıqadi duz düzənlikləri dünyanın ən böyük duz düzənlikləri kompleksidir.,yes,Ntwetwe Pan,839746fffffffff,-20.529714,25.24333895,description,botswana,https://www.openstreetmap.org/relation/9468993,9fe96f2d3391781b,az
Aktiv yol hərəkətinə nəzarət altında olan ərazi,no,,833865fffffffff,39.05822685,8.4700571,description,italy,https://www.openstreetmap.org/way/973150204,16813ea64ca047e0,az
Şöbələr: 1. Coğrafiya və Ətraf Mühit Tədqiqatları 2. Botanika 3. Zoologiya 4. Statistika 5. Gen mühəndisliyi 6. İnsan elmləri 7. Klinik psixologiya,no,Sir Jagadish Chandra Bose Academic Building,833cf4fffffffff,24.37128115,88.63689685,description,bangladesh,https://www.openstreetmap.org/way/1095670066,a2eeffe7750dfd0d,az
Eramızdan əvvəl 200-cü ilə aid Hun şəhərinin xarabalıqları,yes,高昌故城 قوچۇ قەدىمىي شەھىرى,832586fffffffff,42.8552772,89.5277799,description,china-xinjiang,https://www.openstreetmap.org/way/187178575,73eff7ddcd11aa77,az
Əkin sahəsində insan tərəfindən yaradılmış su anbarı,yes,,837ae5fffffffff,2.7130276999999996,41.85499055,description,somalia,https://www.openstreetmap.org/way/800424758,e9349189d8fe2b14,az
"ABŞ FIPS ölkə kodu təyin edilmiş, Norveçə məxsus Arktika adası.",yes,Jan Mayen,830704fffffffff,70.99315125,-8.50285025,description,norway,https://www.openstreetmap.org/relation/9353234,efcf5e159387bf28,az
2017-10-24 Bir məqalədə yaşayış olmayan Henderson adasının çimərliklərində Yer kürəsindəki plastik tullantıların ən yüksək sıxlığının olduğu iddia edilir.,yes,Henderson Island,83a1a4fffffffff,-24.3767563,-128.32430929999998,description,pitcairn-islands,https://www.openstreetmap.org/relation/10018175,c9b73d09aead8cf9,az
Tacikistan sərhədçiləri üçün kiçik daxma,yes,Pre-border checkpoint,832088fffffffff,38.0657016,74.59119485,description,tajikistan,https://www.openstreetmap.org/way/667422638,5b36adcc8ec4e08c,az
Qayıq evi,yes,Boathouse,832b85fffffffff,46.1063144,-74.2799302,description,canada-quebec,https://www.openstreetmap.org/way/447096579,2dfb6326894c2651,az
"The Well Tavern Wellard qatar stansiyasının düz yanında əlverişli yerdə yerləşən, ailələr üçün uyğun və icma yönümlü restoran və meyxanadır.",yes,The Well Tavern,83c993fffffffff,-32.26380305,115.81641765,description,australia,https://www.openstreetmap.org/way/1083219303,28c8ab5d69cb9c5a,az
"İcma üzvlərinin gəlib futbol, kriket, atletika və digər müxtəlif idman növləri ilə məşğul ola bildiyi yer.",yes,Nehru Maidan,833c5afffffffff,27.360602999999998,95.32529500000001,description,india-north-eastern-zone,https://www.openstreetmap.org/way/83589188,030f518825134c13,az
Bu əkin sahəsi istifadəsizdir,yes,The Enclosure,831828fffffffff,52.1974563,-6.35152295,description,ireland-and-northern-ireland,https://www.openstreetmap.org/way/751307989,fab4312e3706314a,az
Ağır yük maşınları üçün dayanacaq,yes,,831845fffffffff,47.39530965,-2.422856,description,pays-de-la-loire,https://www.openstreetmap.org/way/480172434,dca36e40749b78fc,az
Üzmək üçün su hövzəsi,yes,Hog Harbour Blue Hole,839e11fffffffff,-15.1097946,167.0909198,description,vanuatu,https://www.openstreetmap.org/way/198585553,dc8b77da60a390e2,az
Ailə/qonşu itləri üçün park,yes,,832af2fffffffff,36.69121975,-76.9908877,description,us-virginia,https://www.openstreetmap.org/way/636368477,d90b3a55624ad424,az
Əkin sahəsində və çayın yaxınlığında yerləşən təbii su anbarı,yes,,837a0cfffffffff,0.17023195,42.77724705,description,somalia,https://www.openstreetmap.org/way/1213086048,7f61bbfad667f435,az
Köhnə tərk edilmiş qatar stansiyası,yes,,831f91fffffffff,45.6879712,5.35996065,description,rhone-alpes,https://www.openstreetmap.org/way/143728337,cef2a6edc7efadf8,az
"Keçmiş uran mədəni (Fat Man və Little Boy üçün mənbə), daha sonra gümüş mədəni.",yes,Port Radium,83130cfffffffff,66.08544385,-118.03813625,description,canada-northwest-territories,https://www.openstreetmap.org/way/1281190890,584d96ec32388482,az
Şəxsi ada.,yes,Motu Irioa,838935fffffffff,-17.48568325,-149.90249145,description,polynesie-francaise,https://www.openstreetmap.org/way/213212127,154c2460bf268353,az
Ağır yük maşınları və düşərgə avtomobilləri üçün gecələmə dayanacağı,yes,,83be4efffffffff,-34.76120965,142.2807966,description,australia,https://www.openstreetmap.org/way/1373258981,34cb8e155b789015,az
Tərk edilib və meşə ilə örtülüb.,yes,Abandoned mango orchard,8364a6fffffffff,14.787642250000001,101.15383815000001,description,thailand,https://www.openstreetmap.org/way/459176228,5463fd64b44a84e3,az
Ada Heinze adaları qrupunun bir hissəsidir,yes,တောင်ပလ,8364acfffffffff,14.426995000000002,97.78161084999999,description,myanmar,https://www.openstreetmap.org/way/24948615,2eecb381f9c8495d,az
"İctimaiyyət tərəfindən saxlanılan ehtiyat yığını və yük maşınları üçün dayanacaq sahəsi, lakin nişan yoxdur.",yes,,83b911fffffffff,-34.47182865,135.6864915,description,australia,https://www.openstreetmap.org/way/1055657674,e05ca2b29c1f02aa,az
Sivilizasiyadan uzaqda yerləşən düşərgə.,yes,Green Dolphin Camping (Delfinul),831e5afffffffff,44.8929749,29.60429885,description,romania,https://www.openstreetmap.org/way/263969938,145908d208221903,az
İbtidai məktəb,yes,Escola Primária,83831afffffffff,-7.85952855,13.115223,description,angola,https://www.openstreetmap.org/way/705413867,e413dddab254967b,az
Qabarıq təpəciklər sahəsi,yes,,83acd6fffffffff,-17.141278550000003,11.7921213,description,angola,https://www.openstreetmap.org/way/1174004220,0813605767f7f9db,az
Kompleksin daxilində Chedi Wihan Samphutthe adlı unikal bina var; onun içərisində 512 028 Budda təsviri yerləşir və xarici səthində 223 kiçik paqoda var.,yes,วัดมณีไพรสณฑ์,836485fffffffff,16.716656399999998,98.5737649,description,thailand,https://www.openstreetmap.org/way/548044894,30b8b714a5f279ab,az
Müəyyən edilmiş torpaq sahəsi ilə əhatə olunmuş yaşayış evi,yes,,838f6bfffffffff,-7.5721425,-72.7196889,description,brazil-norte,https://www.openstreetmap.org/way/914834959,e2cb5fdd892a2453,az
Mobil telefon qülləsi,yes,,83ac84fffffffff,-20.50122515,16.6906853,description,namibia,https://www.openstreetmap.org/way/788543279,eaa033e171c6b581,az
17 külək turbininin dəqiq yerləri hələ aerofotoşəkillərdə görünmür,yes,,835289fffffffff,11.5304113,42.49968965,description,djibouti,https://www.openstreetmap.org/way/978103331,aa096f9f38327983,az
İşçi heyəti və müəllimlər üçün dayanacaq.,yes,,836d34fffffffff,19.161333550000002,-96.1116816,description,mexico,https://www.openstreetmap.org/way/113790464,fdd57d9b3b773e82,az
köhnə Britaniya binası,yes,,83649dfffffffff,18.94105325,96.4317958,description,myanmar,https://www.openstreetmap.org/way/417661715,bab65950404e2794,az
Bir neçə ağac olan qumlu ərazi.,yes,Kgalagadi Nature Reserve Campsite,83ad86fffffffff,-26.77294325,20.632359649999998,description,botswana,https://www.openstreetmap.org/way/408601941,3cb3cee8655449e8,az
Paqoda.,yes,Chua Linh Phuoc,836932fffffffff,13.166087749999999,109.131014,description,vietnam,https://www.openstreetmap.org/way/904885050,bf40ee907930e31c,az
meşəsizləşdirilmiş ərazi,yes,Berong Nickel Mine,83682afffffffff,9.4042229,118.23163124999999,description,philippines,https://www.openstreetmap.org/way/874182647,96567b01f142a005,az
Digər istiqamətlərlə yanaşı Termezə gedən marşrut taksiləri üçün taksi stansiyası,yes,,83219bfffffffff,38.61114775,66.25445105,description,uzbekistan,https://www.openstreetmap.org/way/971690426,16ad0e82e0e0166d,az
Qida anbarı kimi istifadə olunan yaşayış olmayan mərcan adası,yes,Jemo,835b51fffffffff,10.07935025,169.5245216,description,marshall-islands,https://www.openstreetmap.org/relation/18997208,ec8c78d332edff25,az
Hündür təpə,yes,UGLAMYA,830cddfffffffff,55.182541549999996,-160.5024316,description,us-alaska,https://www.openstreetmap.org/way/557848275,a0bd1de98a29322d,az
Fiber-optik kabel təkrarlayıcı stansiyası,yes,,83b95bfffffffff,-32.37793955,124.6145724,description,australia,https://www.openstreetmap.org/way/1069825606,e2c5beee23bd72df,az
1883-cü ildə yerli daşdan istifadə edilməklə tikilib.,yes,Cordillo Downs woolshed,83b993fffffffff,-26.7076785,140.62537945,description,australia,https://www.openstreetmap.org/way/852540765,0ccdfff5a23d20f2,az
Parkda Square Kilometre Array (SKA) radioastronomiya obyekti yerləşir.,yes,Meerkat National Park,83bc59fffffffff,-30.68785055,21.4482565,description,south-africa,https://www.openstreetmap.org/way/886682729,b54fa186b08d6bb8,az
1900-cü illərin əvvəlləri və ortalarında şora mədənlərində işləyən qatarların su çənlərini doldurmaq üçün istifadə olunan su quyusu idi,yes,El Pique,83b30efffffffff,-20.615686150000002,-69.6043656,description,chile,https://www.openstreetmap.org/way/1292206173,d3fa330fe52956df,az
səki qəhvəyi/sarımtıl rəngdədir,yes,,831e85fffffffff,42.5963407,14.0757555,description,italy,https://www.openstreetmap.org/relation/13411365,06b1e259c68dceba,az
yağış suyu hovuzu,yes,,836b2bfffffffff,15.082598999999998,25.539234450000002,description,sudan,https://www.openstreetmap.org/way/972284217,484a829f202f8cbd,az
Sənaye obyekti üçün ağır nəqliyyat vasitələri dayanacağı.,yes,,8338abfffffffff,28.20413025,-0.1622684,description,algeria,https://www.openstreetmap.org/way/1084434488,52d51b9eb44d133b,az
Buddist stupa,yes,,833c00fffffffff,28.11518075,86.1707967,description,china-tibet,https://www.openstreetmap.org/way/345752857,350bd00e20dc651e,az
"Mərcan rifi ilə əhatə olunmuş, yaşayış olmayan və qayalı, meşəlik ada.",yes,Failonga Island,837390fffffffff,0.7131389,127.47967539999999,description,indonesia-maluku,https://www.openstreetmap.org/way/998565436,bef3c1bb33cd3b2c,az
qutu və bir neçə günəş paneli və antenna,yes,,83b881fffffffff,-23.4009782,132.39508965,description,australia,https://www.openstreetmap.org/way/1040076149,4663e77979f86f30,az
60 futadək uzunluqda gəmilər üçün uzunmüddətli dayanacaq yerləri və müvəqqəti yanalma sahələri mövcuddur.,yes,Robert Storrs Small Boat Harbor,8322d0fffffffff,53.8768719,-166.5531889,description,us-alaska,https://www.openstreetmap.org/way/888243068,9e744b8f406f7aea,az
"Bu, xəz suitilər koloniyası tərəfindən qorunan sahilboyu ən təcrid olunmuş gəmi qalıqlarından biridir.",yes,Otavi,83ac32fffffffff,-25.73241265,14.833140499999999,description,namibia,https://www.openstreetmap.org/relation/20250022,a43e395216f04b29,az
Maral daşları və qəbirlər,yes,Uushigiin Uver,83250bfffffffff,49.656366950000006,99.929214,description,mongolia,https://www.openstreetmap.org/way/398981812,24dc31006dfb6492,az
"Waikuku Lodge Aorangi Meşə Parkının şimal ucunda yerləşən, 24 nəfərin qala bildiyi, yenidən qurulmuş fermadır.",yes,Waikuku Lodge,83bb28fffffffff,-41.41217335,175.36480419999998,description,new-zealand,https://www.openstreetmap.org/way/486347708,b3ebaa7992e3646d,az
"Gölün şərq hissəsi duzlu, qərb hissəsi isə şirin sudur",yes,Балқаш көлі,832008fffffffff,45.92661325,76.32520525000001,description,kazakhstan,https://www.openstreetmap.org/relation/19025268,131b8add7b795ace,az
Veb-sayt trafikini təhlil etmək və veb-sayt təcrübənizi optimallaşdırmaq üçün kukilərdən istifadə edirik.,no,اوفرلك للتسوق,83521bfffffffff,15.3046273,44.2300836,website,yemen,http://www.awferluck.com/,d9e5c2c2cf8c1ca3,az
Onslow məktəbində vizyonumuz sadəcə təhsil müəssisəsi olmaqla kifayətlənməməkdir;,no,Onslow Primary School,83a612fffffffff,-21.6383448,115.1105134,website,australia,https://www.onslowschool.wa.edu.au/,d042c67cf46c6a50,az
2000-ci ildə Meybod milli abidələr siyahısında İranın ilk tarixi şəhəri kimi qeydə alındı.,no,بومگردی کثنوا,834321fffffffff,32.228179,54.0129277,website,iran,https://www.meybodadvisor.ir/,45d4adfff711c079,az
"Ərazidə quş qripi mövcuddur — xahiş edirik, bu xəstəliyin yayılmasını azaltmağa kömək edin:",no,Hermaness National Nature Reserve,8309a5fffffffff,60.8238649,-0.8922347,website,scotland,https://www.nature.scot/enjoying-outdoors/places-visit/nnrs/Hermaness-national-nature-reserve,bcfc10ad729b4f85,az
Son texniki çətinliklər və planlaşdırılmış texniki xidmət elektrik enerjisi istehsalımızın həcmini azaldıb.,no,Tuvalu Electricity Corporation,839a4afffffffff,-8.5261121,179.1960205,website,tuvalu,https://www.tectuvalu.tv/,566f2fa3ffd09d02,az
Arktikaya xoş gəlmisiniz – Icecamp Greenland-ə xoş gəlmisiniz!,no,Icecamp Greenland,8306e5fffffffff,65.7884692,-37.8779945,website,greenland,https://icecamp-greenland.com,b1fefb4484e0d941,az
Ross adasında yerləşən AFD ABŞ Antarktika Proqramını peşəkar təcili xidmətlərlə təmin edir.,no,Antarctic Fire Department,83ed49fffffffff,-77.8470703,166.6696674,website,antarctica,http://www.antarcticfire.org/,f1598fe0914974cc,az
Şərtlər və istisnalar tətbiq olunur. İndi sifariş edin,no,Dunkin',832ad5fffffffff,34.7712947,-77.3875852,website,us-north-carolina,https://locations.dunkindonuts.com/en/nc/jacksonville/433a-western-blvd/307528,92e4a38787412c27,az
"Romantik cütlüklər və ailələr Kaliforniyanın ən yaxşı kurortu olan Carmel Valley Ranch-da həm fəaliyyət, həm də əyləncə tapırlar.",yes,Carmel Valley Ranch Golf Course,83291afffffffff,36.5179587,-121.8005572,website,us-california,https://www.carmelvalleyranch.com/,79d0f3eef83d28fe,az
"George Wayne Thornbrough 7 iyul 1914-cü ildə Kanzas ştatının Linkoln şəhərində, Mary Edith Campbell Thornbrough-un (25 yaşında) və Albert Leroy Thornbrough-un (27 yaşında) oğlu olaraq anadan olub.",no,,830cd8fffffffff,55.3185993,-162.6094603,website,us-alaska,https://www.findagrave.com/memorial/42234822/george-wayne-thornbrough,1c3d15694c890627,az
"Bağışlayın, bu düzgün uçuş nömrəsi deyil. Zəhmət olmasa yenidən cəhd edin",no,Aeropuerto Internacional General Roberto Fierro Villalobos,8348f4fffffffff,28.7030761,-105.963347,website,mexico,https://www.oma.aero/es/aeropuertos/chihuahua/,5cfba8c57da55876,az
2005-ci ildən bəri minlərlə insana mükəmməl domen adı əldə etməyə kömək etmişik,no,八番坑&舊道口,834ba1fffffffff,25.1102205,121.8453311,website,taiwan,http://www.8fankeng.com/02b.htm,bc7a3dda423631c7,az
Axtar,no,Booth Hill School,832a14fffffffff,41.2604261,-73.1729923,website,us-connecticut,https://boothhillschool.wordpress.com/,0c9997cc1263d3b2,az
"Bu, Debian sistemlərində quraşdırıldıqdan sonra Apache2 serverinin düzgün işləməsini yoxlamaq üçün istifadə olunan standart salamlama səhifəsidir. Bu səhifəni oxuya bilirsinizsə, deməli, bu saytda quraşdırılmış Apache HTTP serveri işləyir. Apache HTTP serverini işlətməyə davam etməzdən əvvəl /var/www/html/index.html ünvanında yerləşən bu faylı əvəz etməlisiniz.",no,Relai de la Montagne d'Ambre,83a376fffffffff,-12.4990752,49.204855,website,madagascar,http://montagnedambre.normada.com/,69bbcebc070eddda,az
1976-cı ildə Landsat məlumatlarından Kanada sahil tədqiqatının bir hissəsi kimi istifadə edildi.,no,Landsat Island,830f42fffffffff,60.1767204,-64.0420475,website,canada-newfoundland-and-labrador,https://landsat.gsfc.nasa.gov/article/landsat-island,2661d46d38dc428e,az
Mövcud vəziyyətlə kifayətlənməyərək dünyanın ən məşhur köpəkbalığı ilə dalış məkanlarından birinə çevrilmədik.,no,Aqua Trek Beqa,839b6afffffffff,-18.2542125,178.0661535,website,fiji,https://www.aquatrek.com/,132e0e5b0397c49e,az
"Hər şeydən əvvəl, biz Yehovanı — Müqəddəs Kitabın Allahını və hər şeyin Yaradanını — şərəfləndirmək istəyirik.",no,Salón del Reino de los Testigos de Jehová,838f2afffffffff,-1.5975031,-80.8465788,website,ecuador,https://www.jw.org/,074cc21bc776395e,az
15 xüsusi bar və restorandan ibarət premium seçimimizi kəşf edin.,no,Oasis,833985fffffffff,33.2829052,-8.3851831,website,morocco,https://www.mazaganbeachresort.com/dining/oasis,760a8c9933b011a2,az
Sevdiyiniz yeməklər yeni McDonald’s Rewards Proqramı ilə daha çox mükafat qazandırır!,no,ماكدونالدز,83536efffffffff,26.0504452,50.4987247,website,gcc-states,https://www.mcdonalds.com/bh/en-bh.html,42fb472d7ddfc685,az
*Mövcud şəhərlərə baxın,no,Armazém Paraíba,838026fffffffff,-8.3570118,-42.2473559,website,brazil-nordeste,https://www.armazemparaiba.com.br,d064d4b3a551b868,az
Domen əməliyyatı 4.cn tərəfindən qorunur | CDN sürətləndirmə xidmətləri ilə təmin olunur,no,龙湖区文化馆,834110fffffffff,23.3756313,116.7110444,website,china-guangdong,http://www.lhwhg.com/,322e481bf54765d3,az
Bolinhos,no,Fábrica 1,838180fffffffff,-8.1799096,-34.9484054,website,brazil-nordeste,https://www.vitarella.com.br/,a0ffcbb09ba9cb90,az
"Texnologiya ilə dəstəklənən əl əməyindən əlavə, müştərilərimizə",no,Action B,836ae3fffffffff,3.1206442,29.5827903,website,congo-democratic-republic,https://actionba.com,35c4875721ac4316,az
"Bu səhifəni görürsünüzsə, deməli yeni sayta xidmət göstərmək üçün veb-serverinizi quraşdırmısınız, lakin saytın məzmununu hələ yükləməmisiniz.",no,فندق حمام الصالحين,833873fffffffff,34.8588948,5.7095044,website,algeria,https://www.hammam-salihine.com/,75380e8736f690a0,az
Seint Makeup palitrası nədir?,no,Centre De Soins A La Source,831f80fffffffff,47.7792165,7.1315447,website,alsace,https://it-beaute.com/centre-de-soins-a-la-source,ae3a0e73f2a664d3,az
İdman təhlili və onlayn oyun sənayesində 5 ildən artıq təcrübəsi olan bu şəxs müxtəlif idman nəşrlərinə ətraflı proqnozlar və özünəməxsus baxışlar təqdim etməklə özünə ad qazandırıb və bu sahədə hörmətli nüfuz qazanıb.,no,La Pana,83b25afffffffff,-33.3023192,-66.3377402,website,argentina,https://www.lapana.com.ar/,5ea4f349486d02da,az
"Bu, üzüm sortlarının qarışığıdır və bəzən müxtəlif illərin məhsullarının da qarışığı olur.",no,,83b2eafffffffff,-33.6015022,-69.2829074,website,argentina,https://alpasion.com/,7eef3e13a7a8f3b3,az
"2019-cu ildə Baralaba SS ştatda Dövlət tərəfindən təqdim olunan uşaq bağçası proqramını açan ilk məktəblərdən biri oldu — bu, ştatın məktəb sistemi üçün mühüm mərhələ idi.",no,Baralaba State School,839d2cfffffffff,-24.1814232,149.8090034,website,australia,https://baralabass.eq.edu.au/,f379e7d348ae5166,az
"- 1 2 3 «Noccundra». Bulloo dairəsi. Orijinaldan arxivləşdirilib, 12 mart 2007. 7 iyul 2006-cı ildə əldə edilib.",no,Noccundra Hotel,83bec9fffffffff,-27.8177595,142.5886625,website,australia,https://en.wikipedia.org/wiki/Noccundra,8db07f0d2b3919d2,az
Kalbarri Anchorage Caravan Park komandası,no,Kalbarri Anchorage Caravan Park,83a71dfffffffff,-27.7001277,114.1706516,website,australia,https://www.kalbarrianchorage.com.au/,3b1c4d9193f0377d,az
Məktəbimiz,no,Walkaway Primary School,83a700fffffffff,-28.9393072,114.7991177,website,australia,https://www.walkawayps.wa.edu.au/,ddbcefb6f6328e0e,az
"Woodside-ın CLNG müştərək müəssisəsində iştirak payı 25%, Genişləndirilmiş İştirak müştərək müəssisələrində isə 31,567%-dir.",no,North West Shelf Project,83a6a6fffffffff,-20.59502,116.7747966,website,australia,https://www.woodside.com/what-we-do/operations/north-west-shelf,88dbf0c4ed50c95b,az
Lotus Creek-dəki Homestead-ə sizi salamlamaqdan böyük məmnunluq duyuruq.,no,The Homestead @ Lotus Creek,839d2afffffffff,-22.3479115,149.1032665,website,australia,https://www.lchomestead.com,166b10dd12b803a9,az
Wugudaji-Adels Grove,no,Adels Grove,839c60fffffffff,-18.6901518,138.5298327,website,australia,https://www.adelsgrove.com.au/,73a909f5585393fc,az
Körpənizi John Flynn Özəl Xəstəxanasında dünyaya gətirin.,no,John Flynn Private Hospital,83beabfffffffff,-28.1542074,153.4883832,website,australia,https://www.johnflynnprivate.com.au/,274155a01e2ff8bf,az
"Sizi və övladınızı qayğıkeş heyətə, keyfiyyətli şəraitə malik və qonaqpərvər kənd mühitində yerləşən, Hazırlıq sinfindən 10-cu sinfə qədər təhsil verən Injune P-10 Dövlət Məktəbində salamlamaqdan məmnunuq.",no,Injune P-10 State School,83bed1fffffffff,-25.8471922,148.5647443,website,australia,https://injuness.eq.edu.au/,809e2e456af541c7,az
- Tarixi irs (13),no,Paroo-Darling Visitor Centre,83b9b4fffffffff,-30.8519761,143.0886332,website,australia,https://www.nationalparks.nsw.gov.au/things-to-do/visitor-centres/paroo-darling-visitor-centre-white-cliffs,91eb98599984e3dc,az
Dostumla mənim çox yüksək qiymətləndirdiyimiz şnorkel avadanlığı təqdim edilmişdi.,no,The White House Norfolk Island,83ba69fffffffff,-29.0432114,167.9860659,website,australia,https://www.norfolkislandwhitehouse.com/,53aff99226eb5adb,az
"Fəaliyyətimizə ekoloji təmiz təcrübələr, yerli sənətkarlara dəstək və Cox’s Bazarın gözəlliyini qorumaq üçün icma tərəfindən həyata keçirilən təşəbbüslər daxildir.",no,Baywatch,833cd1fffffffff,21.2231135,92.0491123,website,bangladesh,https://baywatch.com.bd,7fd20d5960634eed,az
placeweb.site,no,Hospital 19 De Março,83a854fffffffff,-20.4492201,-53.7622285,website,brazil-centro-oeste,http://hospitalmunicipalderibasdoriopardo.placeweb.site/,6b6b26bb59001828,az
Biz kondisionerli kokos suitində qaldıq!,no,Pousada Vila Matury,838016fffffffff,-4.6522652,-37.4722929,website,brazil-nordeste,https://vilamatury.com/,cf643b914ad71d43,az
— Ben Weyer,no,Pedale Bikes,83a831fffffffff,-25.4622569,-49.2445266,website,brazil-sul,https://www.pedalebikes.com/,36c093c348e01642,az
Robot olmadığınızı yoxlayırıq...,no,Hotel Igapó,83a801fffffffff,-23.3225662,-51.1579533,website,brazil-sul,https://igapo.hotel07.com/,32dd23d19617368d,az
- Maksimum tutum: 4,no,Classy Hotel & Spa,836583fffffffff,13.0966389,103.200798,website,cambodia,https://classyhotelspa.com/en-gb,136e5261a1314558,az
IYA-nın hekayəsi,no,Restaurant IYA,8382d3fffffffff,4.1540519,9.2447891,website,cameroon,https://www.iyabuea.com/,f274b6b2cedfd82c,az
Bu xüsusi məkanların tarixini və mədəniyyətlərini daha yaxşı əks etdirməsi üçün veb-saytlarımızı yeniləmək məqsədilə yerli xalqlarla tərəfdaşlıq edirik.,no,Rendezvous Island South Provincial Park,8328dbfffffffff,50.2607902,-125.0330977,website,canada-british-columbia,https://bcparks.ca/rendezvous-island-south-park/,4c66a3acb6c0d760,az
Əlaqə,no,Goat Cove Conservancy,83129cfffffffff,52.7742635,-128.3936758,website,canada-british-columbia,https://bcparks.ca/goat-cove-conservancy/,8cb60dae7cff76b8,az
Ləğv edilən ümumi blok dəyərinin 50%-i və ya ləğv edilən fərdi rezervasiyaların ümumi dəyərinin 50%-i.,no,Peel River Inn,830d6efffffffff,67.4325636,-134.8819242,website,canada-northwest-territories,https://innsnorth.com,b878fc1465f05a9b,az
"1-ci GÜN – gəldik, əşyaları boşaltdıq, hazırlıq gördük və saat 15:00-da göldə idik.",no,KaBeeLo Lodge at Wavell Lake,83272efffffffff,51.5843218,-92.711633,website,canada-ontario,https://kabeelo.com/lake-cabins/wavell-lake/,a0cfb60ff970396a,az
Mühafizəkar ölçü/tutma qaydaları və canlı buraxılış üzrə güclü mükafat proqramı qüvvədədir; bunlar gələcək üçün maraqlı kubok balıqçılığını qoruyur.,no,Kesagami Wilderness Lodge,830ecdfffffffff,50.345685,-80.1759243,website,canada-ontario,https://kesagami.com/,870c6256feebe1cb,az
"Bu, tibbi, cərrahi, pediatrik, qısamüddətli qulluq və doğuş xidmətləri göstərən 30 çarpayılı kəskin tibbi yardım müəssisəsidir.",yes,Gove District Hospital,839ce9fffffffff,-12.1864268,136.7776756,website,australia,https://nt.gov.au/wellbeing/hospitals-health-services/gove-district-hospital,00d14cc95bab4d99,az
Bura gəlmək çox asandır və ölkənin ən ucqar asfalt yolunun sonundan cəmi 500 metr aralıda yerləşir.,yes,Fundo Ekobius,836663fffffffff,5.5346584,-67.4318105,website,venezuela,www.ekobius.org,cdde7357ebd5fd05,az
Knotts Crossing Resort Katherine çayı boyunca gözəl tropik bağların əhatəsində yerləşir.,yes,Knott's Crossing Resort,8394edfffffffff,-14.4454023,132.2699603,website,australia,https://knottscrossing.com.au/,3b5b5b1c510a9c1c,az
"Bu, bir səfər ərzində okeanın düz kənarında qala, yerli plantasiyaları kəşf edə və torpaq imkanlarına baxa biləcəyiniz bir yerdir.",yes,Beachfront on Aore Resort,839e02fffffffff,-15.5481671,167.1912928,website,vanuatu,www.vanuatuisland.org,f74f852da962246c,az
"Cable Beach-in qum təpələrinin arxasında, kölgəli ağacların, yerli flora və faunanın arasında yerləşir.",yes,Tarangau Caravan Park,839480fffffffff,-17.9243532,122.2179314,website,australia,https://www.tarangaucaravanpark.com/,e0d5b45bf0c68776,az
Biz ərazidəki digər məktəblərlə müqayisədə ən geniş həyətə və oyun sahələrinə sahibik.,yes,Woodbridge School,83bf6bfffffffff,-43.1648773,147.2398238,website,australia,https://www.woodbridge.education.tas.edu.au/,e641cbfd2d731e62,az
"Səkkiz qonağa qədər yerləşən bu kondisionerli, okean mənzərəli villalar çimərlikdən cəmi bir neçə addımlıq məsafədədir.",yes,Monkey Mia Dolphin Resort,83a626fffffffff,-25.7943413,113.7166421,website,australia,http://monkeymia.com.au/,5c1991cbb8d3fe74,az
"Hudson körfəzinin şərq sahilində, Inukjuakda yerləşən və Nunavikdəki ilk inuit arxeoloqunun adını daşıyan Daniel Weetaluktuk Muzeyi 1992-ci ildən bəri inuit mədəniyyətini və dilini qorumaq və təbliğ etməklə məşğuldur.",yes,Daniel Weetaluktuk Museum,830e1dfffffffff,58.4554265,-78.1034056,website,canada-nunavut,https://www.avataq.qc.ca/en/content/view/full/313,41791eda71bd33b6,az
- 2. Vandermeersch-Trianon Link Road boyunca və Cyber Tower One-ın arxasında strateji cəhətdən yerləşir.,yes,Ebène Car Park,83a242fffffffff,-20.2471879,57.490605,website,mauritius,https://www.ebenecarpark.com/,2e7337aaaf6ef2bf,az
Teleskop zirvədə yerləşdirilib,yes,VISTA Telescope,83b222fffffffff,-24.6158614,-70.397549,website,chile,https://www.eso.org/public/teles-instr/paranal-observatory/surveytelescopes/vista/,b93ad584a0950346,az
"Alakanuk Yukon çayının əsas cənub kanalı olan Alakanuk keçidinin şərq girişində, Berinq dənizindən 15 mil məsafədə yerləşir.",yes,Sacred Heart Catholic Church,830cadfffffffff,61.5287248,-165.5937682,website,us-alaska,https://dioceseoffairbanks.org/parish-profiles,766da0be4ea438da,az
"Biz həmişəyaşıl meşə ilə örtülmüş, ağ qumlu, təcrid olunmuş çimərliyin üstündə yerləşən unikal vəhşi məkan kəşf etdik, amma yalnız bu deyil.",yes,Samatha Villas & SPA,836412fffffffff,13.961545,98.0682129,website,myanmar,https://www.samathavillas.com/,ae57f6c49b76fcb7,az
Məktəbin kampusu Marşall Adaları Respublikasının paytaxtı Majuro atollunun cənub-şərq küncündə yerləşir.,yes,Majuro Cooperative School,835b70fffffffff,7.0911938,171.3836641,website,marshall-islands,http://majurocooperativeschool.org/,14ffa0343a49df0e,az
Laqunun üzərindən əyilərək uzanan otuz suüstü villanın hər birinin suya birbaşa çıxışı var və səhəri heç nə etmədən keçirmək üçün kifayət qədər məkanı mövcuddur.,yes,Kuda-funafaru,83615efffffffff,5.8846143,73.3780296,website,maldives,https://www.nokuhotels.com/maldives/,850cd3f95145ed9b,az
Sizi Gansbaai adlı sakit bir şəhərə 2 saatlıq mənzərəli səyahət gözləyir.,no,White Shark Projects,83bc69fffffffff,-34.6156964,19.3545242,website,south-africa,https://www.whitesharkprojects.co.za/,1bdced3c9a00375d,az
Madre de Diosda Werner Herzogun film çəkilişi üzrə seminarı üçün layihələndirilən Inkaterra Canopy Center Amazon tropik meşəsinin ortasında yerləşən konfrans zalıdır.,yes,Canopy Center,838b71fffffffff,-12.5362297,-69.0486062,website,peru,https://www.inkaterra.com/amazon-field-station/tambopata/inkaterra-canopy-center/,2232671975872e94,az
"Çiçək bağı və meyvə ağacları olan geniş həyət özünəməxsus kənd atmosferinə töhfə verir, müasir memarlıq isə",yes,Вила Сириус,831ecdfffffffff,42.0552538,27.9739768,website,bulgaria,http://villasirius.weebly.com,5a3d33d64643404c,az
"Otel 405 geniş qonaq otağı və suit təklif edir; hamısı zövqlə dizayn edilib və möhtəşəm okean mənzərəsinə malikdir, gün ərzində uşaqlar üçün də gözəl fəaliyyətlər təşkil olunur.",yes,三亚海棠湾仁恒皇冠假日度假酒店,834175fffffffff,18.3647641,109.7446088,website,china-hainan,https://www.ihg.com/crowneplaza/hotels/us/en/sanya/syxcr/hoteldetail,6af4d1a48b081391,az
Uçuş-enmə zolağı NASA tərəfindən icarəyə götürülüb və Space Shuttle üçün fövqəladə eniş sahəsi kimi istifadə edilib.,yes,Berbera Airport مطار بربرة,8352dcfffffffff,10.3879259,44.9406693,website,somalia,https://www.berbera-airport.com/,f8b0820759436965,az
"Anjarle Beach – Ketki Beach Resort Anjarlədə, Konkan bölgəsində, dəniz sahili boyunca yerləşən, tam xidmətli, təzə açılmış möhtəşəm kurortdur.",yes,Ketki Sea Beach Resort,836089fffffffff,17.8499862,73.087734,website,india-western-zone,https://anjarlebeachketkibeach.com/,741e65f6b18249e3,az
Krabi Beynəlxalq Hava Limanı Krabi şəhər mərkəzindən təxminən 15 km aralıda yerləşir.,yes,ท่าอากาศยานนานาชาติกระบี่,836435fffffffff,8.0979708,98.9843402,website,thailand,https://www.krabiairportonline.com/,7a6cfaccccdaa05e,az
Monqolustanın Qobi səhrasının düz çınqıllı düzənliklərindən yüksələn buddist monastır kompleksi Khamaryn Khiid belə məkanlardan biridir.,yes,Shambhala Energy Centre,832442fffffffff,44.6174951,110.2753756,website,mongolia,https://www.pamoja.earth/khamar-monastery-with-shambhala-route/,c2b08642568ec2e0,az
Pestana Bazaruto Lodge özünəməxsus təbii mühitə malik ekoloji kurortdur və cənnət kimi Bazaruto adasında yerləşir.,yes,Pestana Bazaruto Lodge,839730fffffffff,-21.5266651,35.4795112,website,mozambique,https://www.pestana.com/en/hotel/pestana-bazaruto-lodge,d04f568d099cad86,az
"Məscidlər, minarələr və məqbərələr daxil olmaqla bütün REGİSTAN yaxındır: piyada 10 dəqiqə.",yes,Bibikhanum hotel,8320a6fffffffff,39.6600381,66.980156,website,uzbekistan,https://www.hotelbibikhanum.com/,2c0aaf6e58ecc25d,az
Bu otel kompleksi Sangha çayının meşəlik sahilində yerləşir.,yes,Doli Lodge,838290fffffffff,2.9196729,16.2555219,website,central-african-republic,https://dzanga-sangha.org/visit-dzanga-sangha/doli-lodge/,05aa574e2b242ca9,az
Təxminən 2 000 ədəd salamat qalan ənənəvi evlər mövsümi daşqınlardan qorunmaq üçün təpəciklər (toguere) üzərində tikilib.,yes,Djenné-Djenno,8359b6fffffffff,13.8901513,-4.5403358,website,mali,https://whc.unesco.org/en/list/116/,f933d8bea0f81e54,az
"Hərəkətli qum təpələri, Atlantik dumanı və zəngin dənizçilik tarixi ilə əhatə olunan bu lodj, ölkənin ən ucqar guşələrindən birində düşünülmüş şəkildə yerləşdirilib.",yes,Shipwreck Lodge,83ac8dfffffffff,-19.0689591,12.5833399,website,namibia,https://shipwrecklodge.com.na/,7cb2d6ade6137c2a,az
Hotel Everest View-dəki bütün on iki otaq Everest dağının və ətraf zirvələrin panoramik mənzərəsini təqdim etmək üçün dizayn edilib.,yes,Hotel Everest View,833c03fffffffff,27.8167113,86.7235206,website,nepal,http://www.hoteleverestview.com/,d97260b3986d9277,az
"Ehtiyac və istəklərinizə uyğun ideal kamp yeri tapın: dəniz mənzərəli, elektrik və su terminalları olan, sakit və təbii mühitdə və ya şəhər mərkəzinə piyada məsafəsində yer!",yes,Aire de camping-car du Porzou,831846fffffffff,47.8633684,-3.9055643,website,bretagne,https://www.deconcarneauapontaven.com/en/information/camper-areas-brittany/,efee4ec389d57930,az
"Mərakeşin cənub-şərqində, Merzuqada, Erg Chebbi qum təpələrinin kənarında yerləşir.",yes,Auberge Takojt نزل تاقجت,833816fffffffff,31.114868,-4.0075416,website,morocco,http://www.takojt.com/,453c8b4e4d31999f,az
"Burada çuxur tualetləri, pulsuz odun, əl su nasosu və qrup istifadəsi üçün piknik sığınacağı var.",yes,Burge Lake Provincial Park,83126cfffffffff,56.899393,-101.0454192,website,canada-manitoba,https://www.gov.mb.ca/sd/parks/park-maps-and-locations/northeast/burge.html,390fb406b2832680,az
Burada ümumi mətbəx və ortaq sanitar qovşaqlar var.,yes,Kalumburu Mission Caravan Park,839419fffffffff,-14.2958692,126.6447049,website,australia,https://www.kalumburumission.org.au/main/accommodation.html,ce7293d151f8e836,az
75 Mile Beach-in qızılı qumları üzərində yerləşən və yalnız 4WD ilə gedilə bilən dördulduzlu kurortumuz dünyanın ən böyük qumlu adasının təbii gözəlliyini və sakitliyini yaşamaq üçün unikal imkan təqdim edir.,yes,K'gari Beach Resort,83be8afffffffff,-25.5096153,153.1257278,website,australia,https://www.eurong.com.au/,f8548bda9c10c347,az
Çay sistemi: Winnipeg çayı,yes,Norman Generating Station,832701fffffffff,49.7716485,-94.5244729,website,canada-ontario,https://firstlight.energy/energy/norman-generating-station/,434c9c62af864f0c,az
24-cü magistralın şimalında yerləşir və Chitek gölünə avtomobillə on beş dəqiqəlik məsafədədir.,yes,Hometown Suites,83125cfffffffff,53.6322491,-107.5534161,website,canada-saskatchewan,https://hometownsuites.ca,66ab4e675e0298a7,az
NKF neft hasilatı İranın əsas əmtəə mərkəzi olan strateji İmam Xomeyni limanında (B.I.K) yerləşir; İranın idxal etdiyi əmtəə və ərzağın təxminən 80%-nin bu beynəlxalq limandan gəldiyi təxmin edilir.,yes,كارخانه روغن كشی نويد خليج فارس,832c98fffffffff,30.4554596,49.0668177,website,iran,http://nkfoil.com,a4ff1ff949b4df56,az
"2014-cü ilin yazında samuray iqamətgahımızın (Kanazava üslubunda qorunan bina) qalereyası və çay otağı memar cənab Kuma Kengo tərəfindən yeni inşa və layihələndirilib, xanım Kimura Fuminin koordinasiyası ilə.",yes,Ohi Museum,832e44fffffffff,36.5699092,136.6643868,website,japan-chubu,http://www.ohimuseum.com/,053e0993822c8179,az
Əsas kənd körpüsündən qısa piyada məsafəsində yellənən palmalar və ənənəvi makuti damları ilə əhatə olunmuş füsunkar istirahət məkanımızı tapacaqsınız.,yes,Kijani hotel,837b5bfffffffff,-2.2921764,40.9143511,website,kenya,https://kijani-lamu.com/,c6515a5ef0f1ccf8,az
"1-ci terminal daxili və beynəlxalq kommersiya uçuşlarının əksəriyyətinə xidmət edir, 2-ci terminal isə çox vaxt ümumi aviasiya və şəxsi çarterlər üçün istifadə olunur.",yes,Licenciado Gustavo Díaz Ordaz International Airport,8349a9fffffffff,20.6819865,-105.2494119,website,mexico,https://puertovallartaiairport.com,d69547a129931a12,az
"Gözəl Mazatlán kurortumuz üzgüçülük barları olan iki hovuz (yalnız böyüklər üçün biri də daxil olmaqla), okeana baxan açıq hava hidromassaj vannası, şəxsi və tənha çimərlik, 20 akr vəhşi təbiət ərazisi və bütün yaşlar üçün müxtəlif fəaliyyətlər təklif edir.",yes,Pueblo Bonito Emerald Bay Resort & Spa,834833fffffffff,23.3097843,-106.4791071,website,mexico,https://www.pueblobonito.com/resorts/emerald-bay,b8bef92ba8b60133,az
"Kapuna Hospital 1949-cu ildən fəaliyyət göstərən, Papua Yeni Qvineyanın Gulf vilayətində 4-cü səviyyəli kənd missiya xəstəxanasıdır.",yes,Kapuna Hospital,839c88fffffffff,-7.5769335,144.9641321,website,papua-new-guinea,https://gcspng.org/kapuna-hospital/,7b9d8a10a26a414b,az
"Qəhvəxana binası 1895-ci ildə tikilib, Zanzibar daş şəhərinin mərkəzində yerləşir və 1989-cu ildə satın alınıb.",yes,Utengule Coffee Lodge,8396a3fffffffff,-8.8854311,33.3204521,website,tanzania,https://www.utengule.com/,dd1eaab29bd8d91b,az
Wat Phra Sri Rattana Mahathat — Wat Yai (böyük məbəd).,yes,โรงแรมเดอะพาร์ค พิษณุโลก,8364b1fffffffff,16.8086921,100.2568577,website,thailand,https://www.tparkhotel.com,7a8968851560f681,az
"Odunu emal edərkən əməyin təhlükəsizliyi və işçilərin sağlamlığı üçün, həmçinin yanğınların qarşısını almaq üçün tədbirlər görürük.",no,Milano Ağaç Kaplama Anonim Şirketi,831ecbfffffffff,39.5880639,27.8547479,website,turkey,https://www.milano.com.tr/,65064229aedd03c3,az
Ukraynanın şimal-şərqindəki Somyne bataqlıqları ölkənin ən yaxşı qorunmuş torf sahələrindən biridir.,yes,Болотний масив Сомине,831f5bfffffffff,51.4116905,26.9196067,website,ukraine,https://rsis.ramsar.org/ris/2275,7a7478876371e1da,az
Üç düşərgə yerindən birində piknik edə və ya quşların nəğməsi ilə oyana bilərsiniz.,yes,Sue-meg State Park,832803fffffffff,41.1382888,-124.1513793,website,us-california,https://www.parks.ca.gov/?page_id=417,bc872c3c77387ca7,az
"Körpünün üzərində gedərkən ehtiyatlı olun, addımlarınıza fikir verin və orada ola biləcək vəhşi heyvanların tullantılarının ətrafından keçməyə hazır olun.",yes,Tomera Campground,832999fffffffff,40.6764259,-115.7534421,website,us-nevada,https://parks.nv.gov/parks/south-fork-state-recreation-area/,433037b3e47db68d,az
50 ildən çox əvvəl günəş buxarlandırma hovuzlarından istifadə etməklə duzlu sudan litium hasil etməyə ilk başladığımız yer məhz buradır.,yes,Albemarle Silver Peak Production Site,832981fffffffff,37.752314,-117.6396892,website,us-nevada,https://albemarle.com/global/en/who-we-are/global-locations/united-states,20e93bcc493ac641,az
Le Minh Xuan Sənaye Parkı Vyetnamın sənaye transformasiyasını təmsil edir.,yes,Khu công nghiệp Lê Minh Xuân,8365b5fffffffff,10.7426951,106.5436417,website,vietnam,https://directorsdirectory.com/le-minh-xuan-industrial-zone/,94e4772b5dee880c,az
Yarandığı gündən bəri şirkət dəmyə və suvarılan əkinçilik fəaliyyəti üçün 3 000 hektardan çox torpaq sahəsini uğurla inkişaf etdirib və 200-dən çox əməkdaşı daimi əsasda işə cəlb edib.,yes,Amatheon Agri Zambia Ltd,83962afffffffff,-14.6634542,26.9538046,website,zambia,https://amatheon-agri.com/what-we-do/farming/zambia/,97cc4049e020a89e,az
Adanın ilk sakinləri hələ də ada ilə əlaqələrini qoruyur və milli yarışlarda Rabi adından istifadə edirlər.,no,Rabi,839116fffffffff,-16.49572889947815,-122.14299849857419,wikipedia,fiji,https://en.wikipedia.org/?curid=3253411,1cd86892c3cc2b6f,az
"Ada 1940-cı ildə ABŞ Antarktika Xidmətinin Qərb Bazasından həyata keçirilən hava uçuşları zamanı kəşf edilib və USS Bear gəmisinin komandiri, ekspedisiyanın ikinci rəhbəri olan ABŞ Hərbi Dəniz Qüvvələrinin komandanı Richard Cruzenin şərəfinə adlandırılıb.",no,Cruzen Island,83f35efffffffff,-74.74811625607292,-140.33736286893898,wikipedia,antarctica,https://en.wikipedia.org/?curid=2818767,5f094f31e0a439ab,az
Adalar Yeni Zelandiyanın ucqar adaları siyahısına daxil edilib.,no,Kermadec Islands,83baf4fffffffff,-29.361513398120604,-177.97785064153572,wikipedia,new-zealand,https://en.wikipedia.org/?curid=893073,fe7ba22c63edd230,az
1945-ci ilin sonlarında Sovet İttifaqının Kuril adalarını işğal etməsindən bəri adalar Sovet/Rusiya administrasiyası altında olub.,no,Хабомаи,832e12fffffffff,43.5009778592685,146.1197812020785,wikipedia,russia-far-eastern-fed-district,https://en.wikipedia.org/?curid=2167255,325833e0e2e8a060,az
Sonrakı təsvirlər bu nöqtəyə nisbətən yaxın olan digər yerləri göstərir.,no,Полюс недоступности,83f029fffffffff,-80.41307315864717,53.89407855291661,wikipedia,antarctica,https://en.wikipedia.org/?curid=4491383,936433e4820315da,az
Avstraliya Antarktika Ərazisi (AAT) Avstraliyanın xarici ərazi kimi iddia etdiyi Şərqi Antarktidada bir bölgədir.,no,Australian Antarctic Territory,83e56dfffffffff,-72.52499998566512,100.49082566328637,wikipedia,antarctica,https://en.wikipedia.org/?curid=242046,67dd09eac9572b54,az
Fransız Polineziyasının 2-ci seçki dairəsi Fransız Polineziyasında Fransaya aid qanunvericilik seçki dairəsidir.,no,Deuxième circonscription de la Polynésie française,83b4b1fffffffff,-23.924133635240217,-148.9451298256666,wikipedia,polynesie-francaise,https://en.wikipedia.org/?curid=59438226,ebd777640b4d5b5e,az
2010-cu il siyahıyaalınmasına görə əhalisi 179 nəfər olub; 2002-ci il siyahıyaalınmasında qeydə alınmış 212 nəfərdən azalıb.,no,Белькачи,831474fffffffff,59.185611186100154,131.89447459028796,wikipedia,russia-far-eastern-fed-district,https://en.wikipedia.org/?curid=42343453,7bd4b56eb944e22b,az
Digər istifadələr üçün Orkney-ə (dəqiqləşdirmə) baxın.,no,South Orkney Islands,83df81fffffffff,-60.63147541697568,-45.42829877489218,wikipedia,antarctica,https://en.wikipedia.org/?curid=651666,4d5259d722077401,az
İlk dəfə 1955-ci ildə ABŞ Hərbi Dəniz Qüvvələrinin Highjump əməliyyatı (1947) zamanı çəkilmiş hava fotoşəkillərindən istifadə edərək Gardner Dean Blodgett tərəfindən xəritələndirilib.,no,Davis Islands,83e554fffffffff,-66.66290213496293,108.42920196128271,wikipedia,antarctica,https://en.wikipedia.org/?curid=66105368,c8bb10b12b92c0e5,az
Adanın daha qədim adı Oparo-dur.,no,Rapa,83a16cfffffffff,-27.606222082624374,-144.34221827947277,wikipedia,polynesie-francaise,https://en.wikipedia.org/?curid=1500194,b1a364e6c740bcf3,az
"Ossora əhalisi rayonun ümumi əhalisinin 53,6%-ni təşkil edir.",no,Карагинский район,831625fffffffff,59.14456814455965,162.55120977511066,wikipedia,russia-far-eastern-fed-district,https://en.wikipedia.org/?curid=27976354,52cb7cf1369332a9,az
1961-ci ildə Mawson stansiyasında baş mexanik işləyən və Davis stansiyası ətrafındakı tədqiqat işlərinə kömək edən A.J. Newmanın şərəfinə Avstraliyanın Antarktika Adları Komitəsi (ANCA) tərəfindən adlandırılıb.,no,Newman Shoal,83f09bfffffffff,-68.58082216693518,77.91078522954717,wikipedia,antarctica,https://en.wikipedia.org/?curid=29417443,6e4310390bb29dd8,az
Jarvis Line adalarından biridir və statistik məqsədlər üçün ABŞ-ın Kiçik Uzaq Adaları qrupuna da daxil edilir.,no,Jarvis Island,83704bfffffffff,-0.37306132784019025,-159.9977113328135,wikipedia,kiribati,https://en.wikipedia.org/?curid=15683,e426ca15f76191eb,az
"Rusiya, Saxa Respublikasında respublika tabeliyində olan şəhər",yes,Мирный,830adafffffffff,62.526994075407174,113.97212292069231,wikipedia,russia-far-eastern-fed-district,https://en.wikipedia.org/?curid=5852070,d611f01a315a2e81,az
Yarımadanın ən uzaq nöqtəsi Jacobsen Head-dir.,no,Binder Rocks,83f242fffffffff,-74.24032554296029,-115.03116662955146,wikipedia,antarctica,https://en.wikipedia.org/?curid=1436304,34e901707afa43c3,az
"Rusiya, Saxa Respublikasında selo",yes,Хатынгнах,830489fffffffff,67.49354281376279,152.5986664744489,wikipedia,russia-far-eastern-fed-district,https://en.wikipedia.org/?curid=41176973,80ddfbb271193252,az
Qazaxıstanın Abay vilayətində yer,no,Беген,832066fffffffff,51.19870775109708,79.03404908467509,wikipedia,kazakhstan,https://en.wikipedia.org/?curid=27150094,eb2872f1c3e34a2a,az
Rusiyanın Nenets Muxtar Dairəsində yer,no,Усть-Кара,830b65fffffffff,69.24554060619224,64.92236589735033,wikipedia,russia-ural-fed-district,https://en.wikipedia.org/?curid=70781981,76dfc3e03f16565b,az
Oxotsk dənizindəki ada üçün Medvezhy adasına baxın.,no,Медве́жьи острова́,8304e3fffffffff,70.80778924079775,161.14011692739948,wikipedia,russia-far-eastern-fed-district,https://en.wikipedia.org/?curid=13064439,fc8f3fbe7b183541,az
2011-ci il Hindistan siyahıyaalınmasının məlumatlarına görə Port Blair tehsilinin əhalisi 165 754 nəfər olub.,no,Port Blair Tehsil,8364e4fffffffff,11.491905685143882,92.67594949205308,wikipedia,india-southern-zone,https://en.wikipedia.org/?curid=2799149,ceb56f2a140684f5,az
"Kosrae həm Quamdan, həm də Honoluludan üç sıçrayış məsafəsindədir.",no,Kosrae International Airport,837759fffffffff,5.356592841459422,162.95810250885714,wikipedia,micronesia,https://en.wikipedia.org/?curid=8199029,b4b7c630bb7e332e,az
İmantau kənd rayonunun mərkəzidir (KATO kodu – 593243100).,no,Имантау,832173fffffffff,52.97533376139083,68.36103932090145,wikipedia,kazakhstan,https://en.wikipedia.org/?curid=77718131,12eeb8f79bcc7a39,az
Adaların əhalisi 2011-ci ildəki 289 nəfərdən 2022-ci ildə 330 nəfərə yüksəlib.,no,îles Agaléga,83859afffffffff,-10.418177893999971,56.64255783934508,wikipedia,mauritius,https://en.wikipedia.org/?curid=879956,95331a92957aa44c,az
1981-ci ildə təsis edilib və Kvinslendin Wet Tropics ərazisinin bir hissəsidir.,no,Daintree National Park,839c05fffffffff,-16.224717492140748,145.2819214000973,wikipedia,australia,https://en.wikipedia.org/?curid=103263,72b920c35d492e5a,az
Gitaraçı Buckethead bu adanın adını daşıyan mahnı yazıb.,no,Lotus Island,831653fffffffff,52.72048927684718,174.0394184029602,wikipedia,russia-far-eastern-fed-district,https://en.wikipedia.org/?curid=4310933,c1780e68c8c177e4,az
11°25′48″S 151°49′9.12″W ﻿ / ﻿ 11.43000°S 151.8192000°W ﻿ / -11.43000; -151.8192000,no,Flint Island,83891bfffffffff,-11.429577278403706,-151.81952332654885,wikipedia,kiribati,https://en.wikipedia.org/?curid=867397,2f1b0bbbe5a2de9f,az
"Dangerous Ground-un şimal hissəsinin bir qədər qərbində yerləşir və Filippinin işğal etdiyi Thitu adasından (Pag-asa) 22 mil (35 km) cənub-şərqdə, Tayvanın işğal etdiyi Itu Aba adasından isə 22 mil (35 km) şimal-şimal-şərqdədir.",no,Kota Island,836919fffffffff,10.667554673256719,114.42367247812814,wikipedia,philippines,https://en.wikipedia.org/?curid=6343481,d40562632191c9f6,az
Kiribati Respublikasına məxsus Line adalarından biridir.,no,Malden Island,838819fffffffff,-4.016795314860087,-154.92908802963436,wikipedia,kiribati,https://en.wikipedia.org/?curid=19023,8b0136348a30f241,az
Fais adasının Sakit okeandakı yeri,no,Fais Island,837351fffffffff,9.762810675104866,140.51824182517694,wikipedia,micronesia,https://en.wikipedia.org/?curid=6023667,08adcd6c0de95a41,az
"Burun əvvəllər North Cape (və ya Cape North) adlanırdı, yaşayış məntəqəsi isə bu adla tanınmırdı.",no,Мыс Шмидта,830db1fffffffff,68.89471537743728,-179.41656069721242,wikipedia,russia-far-eastern-fed-district,https://en.wikipedia.org/?curid=23603159,998e1ae6332b26ca,az
"Latın Amerikasının ən böyük kağız və sellüloz şirkəti, həmçinin bu sektorda ən böyük istehsalçılardan biridir.",no,Suzano Mucuri Power Station,83a89efffffffff,-18.039638366481007,-39.92751338217429,wikipedia,brazil-nordeste,https://en.wikipedia.org/?curid=24145606,bf0f939cb63f2743,az
Əhali: 467 (2010-cu il siyahıyaalınması);,no,Кобь,830a90fffffffff,55.433731563133556,101.36908347797998,wikipedia,russia-siberian-fed-district,https://en.wikipedia.org/?curid=82933312,b25a12fb168c1faf,az
ABŞ-da yer,no,Palmyra (Cooper) Airport,837065fffffffff,5.888882410942679,-162.07748148784833,wikipedia,american-oceania,https://en.wikipedia.org/?curid=23382,598e12498545bb16,az
Hava limanı ilk sərnişin uçuşunu 24 sentyabr 2021-ci ildə qəbul edib.,yes,Аэропорт Тобольск (Ремезов),832165fffffffff,58.059356967172086,68.3458258965239,wikipedia,russia-ural-fed-district,https://en.wikipedia.org/?curid=68890913,efc876442f44a8b6,az
"Bu, Şimal-Qərb Ərazilərindəki hava limanlarının siyahısıdır.",no,Mould Bay Airport,8302adfffffffff,76.23900956353707,-119.32225481881781,wikipedia,canada-northwest-territories,https://en.wikipedia.org/?curid=6535522,011def0f87414a4a,az
Əsas kənd Tuihanadır.,yes,Tematangi,83a15efffffffff,-21.67981031334414,-140.628419963702,wikipedia,polynesie-francaise,https://en.wikipedia.org/?curid=13896267,421ecf1749f94670,az
"Tikinti 2006-cı ilin iyununda başlayıb, ümumi investisiya 236 milyon yuan təşkil edib və hava limanı 2008-ci ilin iyununda açılıb.",yes,漠河古莲机场,831432fffffffff,52.91507732903945,122.42731834407024,wikipedia,china-heilongjiang,https://en.wikipedia.org/?curid=33444714,c1632da2b965eed3,az
"Bu gün ənənəvi sahiblər torpağa dair ənənəvi hüquq və məsuliyyətləri vasitəsilə torpaqla bağlı güclü və davamlı maraqlarını qoruyurlar,",no,Apudthama National Park Aboriginal,839ce6fffffffff,-11.330589201763997,142.60568838187473,wikipedia,australia,https://en.wikipedia.org/?curid=103377,1593018cfec99acd,az
Ən qərbdə yerləşən ikinci,no,Ānewetak,837761fffffffff,10.91493004313527,161.75978188800647,wikipedia,marshall-islands,https://en.wikipedia.org/?curid=209561,eef197378b57f1d7,az
Komandanın yanacağı azaldı və bəzi avadanlıqları tərk etməli oldu; doqquz gün yedəkləndikdən sonra mayın 26-da EGRIP məntəqəsinə çatdı.,no,EastGRIP,83078afffffffff,75.63318130922023,-35.98296675248726,wikipedia,greenland,https://en.wikipedia.org/?curid=53487083,fbc6c9995cbaf52f,az
"Ada Qrenlandiyalı it xizəyi mütəxəssisi Tobias Gabrielsenin şərəfinə adlandırılıb; o, 1906–1908-ci illər Danimarka ekspedisiyası zamanı Johan Peter Koch və Aage Bertelsen ilə birlikdə Kəp Bridxmanın cənub-şərqindəki Peary Landın naməlum şərq sahilini xəritələndirməyə gedib, Ludvig Mylius-Erichsenin uğursuzluqla nəticələnən dəstəsi isə Independence Fjord-u xəritələndirmək üçün qərbə yollanıb.",no,Tobias Ø,8307b4fffffffff,79.33336360317708,-15.799552621461698,wikipedia,greenland,https://en.wikipedia.org/?curid=39359088,7221765c495816b6,az
Braziliyanın Pernambuko ştatında inzibati rayon,no,Fernando de Noronha,8380b4fffffffff,-3.85459889130828,-32.424341348440045,wikipedia,brazil-nordeste,https://en.wikipedia.org/?curid=258963,9254e2b56a267afd,az
Ifalik Woleaidən təxminən 40 kilometr (25 mil) şərqdə və Yap adasından 700 kilometr (430 mil) cənub-şərqdə yerləşir.,no,Ifalik Atoll,837262fffffffff,7.249430411272388,144.44863454835377,wikipedia,micronesia,https://en.wikipedia.org/?curid=20958345,e38a6af283dd5e08,az
"Əhali: 57 927 (2020), 57 382 (2010-cu il siyahıyaalınması); 56 623 (2002-ci il siyahıyaalınması); 50 893 (1989-cu il Sovet siyahıyaalınması).",no,Крымск,832d72fffffffff,44.926086218818924,37.9947457400679,wikipedia,russia-south-fed-district,https://en.wikipedia.org/?curid=6092975,73188c20355e26ce,az
"Huocheng dairəsi (çincə: 霍城县; pinyin: Huòchéng xiàn), Korgas dairəsi (qazaxca: قورعاس اۋدانى; uyğurca: قورغاس ناھىيىسى; çincə: 霍尔果斯县) kimi də tanınır, Sincan Uyğur Muxtar Rayonunda yerləşir və İli Qazax Muxtar dairəsinin tabeliyindədir.",no,霍城县 قورغاس ناھىيىسى,8320ecfffffffff,44.27565938149536,80.95332935348989,wikipedia,china-xinjiang,https://en.wikipedia.org/?curid=6865066,1ad3390e1d7e7a6a,az
Onun ilkin adı Nororotu-dur.,no,Îles Maria,83b4f6fffffffff,-21.809355507781348,-154.70657045878795,wikipedia,polynesie-francaise,https://en.wikipedia.org/?curid=12839991,f203df73551fafb4,az
"İlk dəfə 23 noyabr 1935-ci ildə Lincoln Ellsworth tərəfindən havadan görülüb və fotoşəkli çəkilib; 1936-cı ilin oktyabrında John Rymillin rəhbərlik etdiyi Britaniya Graham Land Ekspedisiyası (BGLE) tərəfindən yerdən xəritələndirilib və 1930–38-ci illərdə Dominions Office-də dövlət katibinin köməkçisi müavini, 1934-cü ildə Qütb Komitəsinin sədri olmuş və ekspedisiyaya kömək etmiş Sir Harry Batterbee-nin (1880–1976) şərəfinə adlandırılıb.",no,Batterbee Mountains,83ef49fffffffff,-71.43578810331161,-67.2152329341768,wikipedia,antarctica,https://en.wikipedia.org/?curid=28916156,030d1dc09a81bfe3,az
"Onun yaşının 100 000 ildən az olduğu təxmin edilir və ehtimal ki, Pleystosen epoxasında yaranıb; buna görə nisbətən cavandır.",no,Cratère d'Amguid,8338c2fffffffff,26.087518212790858,4.395192826634154,wikipedia,algeria,https://en.wikipedia.org/?curid=779866,66deb3d7e685ba77,az
Onun açılışı poçt markaları buraxılışı ilə qeyd olundu.,no,Kuini Lavinia Airport,839a2efffffffff,-15.571830111946472,-175.6291836479708,wikipedia,tonga,https://en.wikipedia.org/?curid=10027207,fd519579e3a1b1b0,az
"Ştat 32 atoldan və digər adalardan, həmçinin bir ucqar qalxmış mərcan adası olan Banabadan ibarətdir.",yes,Kiribati,838550fffffffff,-0.8298450242834788,64.8634439706971,wikipedia,kiribati,https://en.wikipedia.org/?curid=16674,7b8c38075a6efd70,az
"Rockefeller dağları (78°0′S 155°0′W ﻿ / ﻿ 78.000°S 155.000°W ﻿ / -78.000; -155.000 ﻿ (Rockefeller Mountains)) Antarktidanın VII Edvard yarımadasında Alexandra dağlarından 30 dəniz mili (56 km; 35 mil) cənub-cənub-qərbdə yerləşən, demək olar ki, tamamilə qarla örtülü, alçaq və səpələnmiş qranit zirvələri və tirələrindən ibarət qrupdur.",yes,Melbert Rocks,83f226fffffffff,-78.02922058196603,-155.11702950557364,wikipedia,antarctica,https://en.wikipedia.org/?curid=15476758,70ce42b310c038b9,az
"Təcrid olunmaları və əlçatanlığın çətin olması səbəbindən bu adalarda mülki yaşayış məntəqələri yoxdur, lakin Çili Hərbi Dəniz Qüvvələrinin bir dəstəsi San Félix adasında yerləşir; burada həmçinin 2 000 metrlik (6 600 fut) Isla San Felix hava limanı var.",yes,Islas Desventuradas,83b39bfffffffff,-26.3231670049257,-79.97550935178923,wikipedia,chile,https://en.wikipedia.org/?curid=297353,39d16f7af4efcf3d,az
Quano ilə örtülmüş Gardner Pinnacles qayalıqları.,yes,Pūhāhonu,834601fffffffff,24.99881145611388,-167.99904617381083,wikipedia,us-hawaii,https://en.wikipedia.org/?curid=513273,11a3019aa67f2996,az
"Bu, İkinci Dünya müharibəsi zamanı Miduey döyüşündə öldürülən mayor Lofton R. Hendersonun adını daşıyan üç aerodromdan biridir; digərləri Midueyin Eastern adasındakı keçmiş Henderson Field və Solomon adalarındakı Guadalcanal Henderson Field-dir.",yes,Henderson Field (Midway Atoll),8347a3fffffffff,28.204166598018556,-177.38114710353565,wikipedia,us-hawaii,https://en.wikipedia.org/?curid=3783024,d3ebf7125c8569f2,az
"Haggitt Pillar — hündürlüyü 62 metrə (203 fut) çatan və diametri 50 metr (55 yard) olan, sahəsi 0,2 hektardan (0,5 akr) az olan qaya sütunu — adanın 250 metr (270 yard) qərbində yerləşir.",yes,Scott Island,83eaf3fffffffff,-67.37887260802223,-179.9112806449421,wikipedia,antarctica,https://en.wikipedia.org/?curid=161667,f187e35f5064e867,az
"Kommunanın ərazisi Robinson Crusoe, Alejandro Selkirk, Santa Clara adaları və bir neçə kiçik adacıq daxil olmaqla Juan Fernández arxipelaqına uyğundur.",yes,Juan Fernández,83b29bfffffffff,-33.71105791054244,-79.86103421030651,wikipedia,chile,https://en.wikipedia.org/?curid=82299637,7574701a95f27e84,az
"Müqəddəs Yelena, Askension və Tristan da Cunha Cənubi Atlantikada yerləşən və Müqəddəs Yelena adası, Askension adası və Tristan da Cunha arxipelaqından (Gough adası da daxil olmaqla) ibarət Britaniyanın dənizaşırı ərazisidir.",yes,"Saint Helena, Ascension and Tristan da Cunha",83c10efffffffff,-28.676403001482836,-10.927604906090878,wikipedia,saint-helena-ascension-and-tristan-da-cunha,https://en.wikipedia.org/?curid=24481846,f52bdc3207e7f0c4,az
"Təxminən 23,85 km² (9,21 kv. mil) sahəsi olan ada təxminən düzbucaqlı formadadır.",yes,Isla del Coco,836c61fffffffff,5.528921026052383,-87.06113031204292,wikipedia,costa-rica,https://en.wikipedia.org/?curid=155097,93773e795311af7e,az
"Dənizin qərbində Ross adası və Viktoriya torpağı, şərqində isə Mari Berd torpağında Ruzvelt adası və VII Edvard yarımadası yerləşir; ən cənub hissəsi Ross buz şelfi ilə örtülüb və Cənub qütbündən təxminən 200 mil (320 km) məsafədədir.",yes,Ross Sea,83ee28fffffffff,-74.76689568397015,-45.33121231814991,wikipedia,antarctica,https://en.wikipedia.org/?curid=161695,62312a64c521b996,az
"Hava limanı Achao-dan 3,2 kilometr (2 mil) şimal-qərbdə, Ancud körfəzinə baxan sıldırım üzərində yerləşir.",yes,Aeródromo Tolquien,83ceacfffffffff,-42.45016235001028,-73.52515239825829,wikipedia,chile,https://en.wikipedia.org/?curid=40395890,678bfbb60774a2df,az
"Vasyugan düzənliyinin böyük hissəsini əhatə edən bu ərazi 53 000 km² (13 000 000 akr) tutur ki, bu da dünyanın bütün torf bataqlıqları sahəsinin təxminən 2%-nə bərabərdir.",yes,Васюганские болота,830ba5fffffffff,57.55876339959427,77.84007283739106,wikipedia,russia-siberian-fed-district,https://en.wikipedia.org/?curid=762490,cdee1b42c9e2f2f4,az
Cənub hissəsi iki tərəfdən Rusiyanın ən böyük hidroelektrik bəndi olan Sayano-Şuşenskaya bəndinin arxasındakı Yenisey çayı su anbarı ilə həmsərhəddir.,yes,Национальный парк «Шушенский бор»,832522fffffffff,52.81614169589091,91.56040824539839,wikipedia,russia-siberian-fed-district,https://en.wikipedia.org/?curid=49064954,1d658d91252dfed4,az
Ada İkinci Dünya müharibəsi dövründə tikintisi qismən başa çatdırılmış sualtı qayıq kanalı ilə yarıya bölünür və şərq yarısı bənd yolu ilə Wake adasına birləşir.,yes,Wilkes Island,835ae8fffffffff,19.296092498957844,166.60691842677974,wikipedia,american-oceania,https://en.wikipedia.org/?curid=75456588,cd9abbd9e99d75ca,az
Dağ silsilələri alçaq təpələrdən çoxsaylı qayalıqları olan yüksək tirələrə qədər dəyişir.,yes,Collier Range National Park,83a784fffffffff,-24.625223132707823,119.1567005062584,wikipedia,australia,https://en.wikipedia.org/?curid=102113,1f1fa3145834b0ad,az
"Bir vaxtlar XIX əsrin əvvəllərində New Nantucket adlanan Baker adası Ekvatorun bir qədər şimalında, Sakit okeanın mərkəzində, Honoluludan təxminən 1 920 mil (3 090 kilometr) cənub-qərbdə yerləşən kiçik, yaşayış olmayan atoldur.",yes,,837086fffffffff,0.19269885639996423,-176.47879801023572,wikipedia,american-oceania,https://en.wikipedia.org/?curid=3453,98dc6db3d8a97dac,az
"Minerva rifləri (tonqaca: Ongo Teleki) Sakit okeanda, Fici ilə Tonqa arasında yerləşən iki sualtı atoldan ibarət qrupdur.",yes,Ongo Teleki,83badcfffffffff,-23.809717884165543,-179.03528376587286,wikipedia,fiji,https://en.wikipedia.org/?curid=1608314,6d18b32bdf5ec7bf,az
Motu Teiku Fransız Polineziyasının Gambier adalarında yerləşən adadır.,yes,Motu Teiku,83a119fffffffff,-23.211251159373397,-134.9754791302966,wikipedia,polynesie-francaise,https://en.wikipedia.org/?curid=37928831,c0c0ee76cb0df3a8,az
"Middle Island Cənubi Atlantik okeanında, Nightingale adalarının bir hissəsi olan kiçik, yaşayış olmayan adadır.",yes,Middle Island,83c01efffffffff,-37.41107562958467,-12.479296907879545,wikipedia,saint-helena-ascension-and-tristan-da-cunha,https://en.wikipedia.org/?curid=3819972,207eae7dc8cb5d55,az
Adalarda daimi insan məskunlaşması yoxdur.,yes,Auckland Islands,83da18fffffffff,-50.73489395297862,166.09744842168607,wikipedia,new-zealand,https://en.wikipedia.org/?curid=160167,1e79fe0760eb2c71,az
"Adamstown kilsəsi və ya alternativ olaraq Adamstown Adventist kilsəsi Okeaniyada, Sakit okeanın təcrid olunmuş bir ucunda, Birləşmiş Krallığın asılı ərazisi olan Pitkern adalarında Adamstown şəhərində yerləşən və Yeddinci Günün Adventistləri kilsəsinə bağlı dini binadır.",yes,,83a116fffffffff,-25.066224252731086,-130.1000934952943,wikipedia,pitcairn-islands,https://en.wikipedia.org/?curid=53158471,e61c2fa4a563f5e0,az
"Devkesen (həmçinin Dev-Kesken; türkməncə: Döwkesen) Türkmənistanın şimalındakı Daşoğuz vilayətində, Köhnə Ürgəncdən 62 km qərbdə yerləşən arxeoloji sahədir.",yes,Dev Kesken,8321b5fffffffff,42.290625665051785,58.40015040922765,wikipedia,turkmenistan,https://en.wikipedia.org/?curid=43787568,19cb308d8015ab6d,az
"Christmas Island Milli Parkı Hind okeanında, İndoneziyanın cənub-qərbində yerləşən Avstraliya ərazisi Christmas Island-ın böyük hissəsini əhatə edən milli parkdır.",yes,Christmas Island National Park,838c23fffffffff,-10.48609593861884,105.61759035403041,wikipedia,australia,https://en.wikipedia.org/?curid=18654457,f8c062422ae41323,az
Tanaga adasındakı vulkanlar,yes,Tanaga Island,83225afffffffff,51.79604418290166,-177.96860135934548,wikipedia,us-alaska,https://en.wikipedia.org/?curid=11920957,6364466144a36270,az
Ada 11°54′36″S 170°11′24″E ﻿ / ﻿ 11.91000°S 170.19000°E ﻿ / -11.91000; 170.19000 koordinatlarında yerləşir və 122 m (400 fut) hündürlüyə qalxan kiçik qayalı çıxıntıdır.,yes,Fatutaka,839ea6fffffffff,-11.908800049186063,170.1891247433555,wikipedia,solomon-islands,https://en.wikipedia.org/?curid=1592037,cabc9bd875f255fe,az
"Hava limanı Mali sərhədindən 9 kilometr (5,6 mil) şimal-şərqdədir.",yes,مطار برج باجي مختار ⴰⴼⴰⴳⵓⵔ ⵏ ⴱⵓⵔⵊ ⴱⴰⵊⵉ ⵎⵓⵅⵜⴰⵔ,835904fffffffff,21.375149368435295,0.9283619692209543,wikipedia,mali,https://en.wikipedia.org/?curid=9183674,6866e4d6cd929e4f,az
Əvvəllər Duke of Clarence Island adlanan Nukunonu Yeni Zelandiyanın Cənubi Sakit okeandakı asılı ərazisi olan Tokelau daxilindəki ən böyük atoldur.,yes,Nukunonu,839af0fffffffff,-9.195426986717985,-171.85371249053688,wikipedia,tokelau,https://en.wikipedia.org/?curid=1321226,9cc59584c984bf1f,az
Nendö [neⁿdɵ] Solomon adalarının Temotu vilayətində yerləşən Santa Cruz adalarının ən böyüyüdür.,yes,Nendö,839e8cfffffffff,-10.737071058876884,165.93732586058508,wikipedia,solomon-islands,https://en.wikipedia.org/?curid=30863097,f5b4c5c2d37d138f,az
"Matthew adası və Hunter adası Yeni Kaledoniyadan 300 kilometr (190 mil) şərqdə və Vanuatunun cənub-şərqində, Cənubi Sakit okeanda yerləşən iki yaşayış olmayan vulkanik adadır.",yes,Île Hunter,839f01fffffffff,-22.395269830247802,172.08643435139004,wikipedia,new-caledonia,https://en.wikipedia.org/?curid=1832217,2d5e1d49307453ca,az
İki adacığın kiçiyi dəniz səviyyəsindən 363 fut (111 m) yüksəkliyə dik yamacla qalxır və yaxınlıqdakı digər adaları koloniyalaşdırmış pinqvinlər belə burada yaşamır.,yes,The Monolith,83ed03fffffffff,-66.92415393474715,163.31065622044076,wikipedia,antarctica,https://en.wikipedia.org/?curid=61854234,bc024afafb9fe669,az
Milli parkla birlikdə 2002-ci ildə parkın yanında yaradılmış səkkiz landşaft mühafizə ərazisi və iki biotop mühafizə ərazisi mövcuddur; onların ümumi qorunan sahəsi 4 366 kvadrat kilometrdir (1 686 kv. mil).,yes,Dovrefjell-Sunndalsfjella nasjonalpark,830814fffffffff,62.38152659021654,9.116222467976254,wikipedia,norway,https://en.wikipedia.org/?curid=1039776,baba81e005f9ad20,az
"O, 985,4 km² sahəni əhatə edir.",no,Tamiahua,834993fffffffff,21.31340369062466,-97.49696145389089,wikipedia,mexico,https://en.wikipedia.org/?curid=23231764,8df8ae7c45214528,az
Alçaq mərcan adaları quru və seyrək məskunlaşmışdır.,yes,Pukapuka,83a0e0fffffffff,-14.820468313820063,-138.8174292787184,wikipedia,polynesie-francaise,https://en.wikipedia.org/?curid=1500139,eb8e40cc445e550c,az
Île Raphaël bu gün Raphael Fishing Company-nin baş qərargahı və əsas balıqçılıq bazasıdır; bu şirkət Mau...,yes,Île Raphael,83a26cfffffffff,-16.44266843175213,59.60797815413303,wikipedia,mauritius,https://en.wikipedia.org/?curid=49032980,b122a8b777f3535e,az
Cesar Torque Podesta hava limanı (ICAO: SPEQ) Perunun Moquegua regionunun paytaxtı Moquegua şəhərinə xidmət edən hava limanıdır.,yes,Aeródromo Hernán Turque Podestá,83b331fffffffff,-17.179876803467536,-70.93089609899724,wikipedia,peru,https://en.wikipedia.org/?curid=51512607,5dc85a7a26a1ebfd,az
"Fatu Huku-nun uzunluğu 2 kilometrdən (1,2 mil), eni 1 kilometrdən (0,62 mil) azdır və sahəsi təxminən 1,3 kvadrat kilometrdir (0,50 kv. mil).",yes,Fatu Huku,83a0d8fffffffff,-9.436891358319263,-138.92616580382307,wikipedia,polynesie-francaise,https://en.wikipedia.org/?curid=1530854,13696082014d2545,az
"Ittoqqortoormiit helikopter meydançası (IATA: OBY, ICAO: BGSC) Qrenlandiyanın şərqində, Sermersooq bələdiyyəsindəki Ittoqqortoormiit kəndində yerləşən helikopter meydançasıdır.",yes,Ittoqqortoormiit,830626fffffffff,70.48821330856869,-21.971836961076495,wikipedia,greenland,https://en.wikipedia.org/?curid=26587562,8ed00651c7684590,az
Atiati atollun cənub-qərb sərhədini müəyyən edir və Mangarongaronun şərqində yerləşir.,yes,Atiati,83882dfffffffff,-9.08145285029563,-157.96059586956048,wikipedia,cook-islands,https://en.wikipedia.org/?curid=65024402,132db061aba0370c,az
Pukapuka üçbucaqlı atollunun qərb zirvəsini təşkil edir və üç adanın ən kiçiyidir.,yes,Motu Kotawa,839ab1fffffffff,-10.893474443118526,-165.8713404122033,wikipedia,cook-islands,https://en.wikipedia.org/?curid=64986268,7f53432ea37aae08,az
"Maug (adaların çamorro dilindəki Ma’ok adından, “möhkəm” və ya “əbədi” mənasını verir) üç kiçik yaşayış olmayan adadan ibarətdir.",yes,Maug Islands,834e46fffffffff,20.022167785504383,145.2239267303835,wikipedia,american-oceania,https://en.wikipedia.org/?curid=5132873,db3c87a85a40d6ea,az
Onlar təxminən 5 km məsafədə şərq-qərb istiqamətində uzanır və Elephant adasından Sealers keçidi ilə ayrılır.,yes,Seal Islands,83df1efffffffff,-60.98194048760412,-55.4034583895338,wikipedia,antarctica,https://en.wikipedia.org/?curid=2770204,7a917ae7693ea952,az
"Cape Farewell arxipelaqı (həmçinin Nunap Isua arxipelaqı) Qrenlandiyanın cənub ucunda, Kujalleq bələdiyyəsində yerləşən ada qrupudur.",yes,Kap Farvel Øhav,831b23fffffffff,59.994536325482656,-43.876908270487846,wikipedia,greenland,https://en.wikipedia.org/?curid=41033028,e4d09ecf34df3f14,az
Ada “gözəçarpmaz və yastı” kimi təsvir edilir.,yes,Centrum Island,830366fffffffff,82.71920186674947,-48.12714503260583,wikipedia,greenland,https://en.wikipedia.org/?curid=69906758,9880f0d57536824e,az
Mount Uwaynat və ya Gabal El Uweinat (ərəb: جبل العوينات Gabal El ʿUwaināt və ya Jabal al-ʿUwaināt; ərəbcə “bulaqlar dağı”) Misir–Liviya–Sudan üçsərhədli ərazisində yerləşən dağ silsiləsidir.,yes,جبل العوينات,833ef1fffffffff,21.921852255426035,24.99794676247052,wikipedia,libya,https://en.wikipedia.org/?curid=5883800,f1bc95c5ffdb9dee,az
"70 km² ərazidə demək olar ki, 900 nəfər yaşayır.",yes,Bélep,839e29fffffffff,-19.692321021623904,163.6498232050288,wikipedia,new-caledonia,https://en.wikipedia.org/?curid=4329553,f1fe46a4059b173f,az
Estadio José Fierro (ləqəbi Monumental) Argentinanın Tukumán vilayətinin San Miguel de Tucumán şəhərində yerləşən futbol stadionudur.,yes,Estadio Monumental José Fierro,83b35bfffffffff,-26.812707163240148,-65.19945579207999,wikipedia,argentina,https://en.wikipedia.org/?curid=22477938,33c6fb2fea4e33fb,az
Te Motu Foliki Tuvalunun Nanumea atolluna aid adacıqdır.,yes,Temotufoliki,837f1afffffffff,-5.660517017582275,176.1144072762095,wikipedia,tuvalu,https://en.wikipedia.org/?curid=11978089,66dcb0582ec8aac3,az
"Kuk adaları Okeaniyanın bir hissəsi olan, Cənubi Sakit okeanda, Polineziyada yerləşən və Yeni Zelandiya ilə sərbəst assosiasiyada olan ada ölkəsi və dövlətidir.",yes,Kūki ʻĀirani,838964fffffffff,-16.087674866985463,-160.38323370867653,wikipedia,cook-islands,https://en.wikipedia.org/?curid=7067,bb85ac2ef948d9a2,az
Arena 2003-cü ildə açılıb və 7 100 nəfərlik tutuma malikdir.,yes,Платинум Арена,8314d6fffffffff,48.4843917992652,135.08661223370922,wikipedia,russia-far-eastern-fed-district,https://en.wikipedia.org/?curid=6362860,171ec87cb9561a6f,az
"Bibikovo Amur çayının sol sahilində, Blagoveşenskdən (rayonun inzibati mərkəzi) avtomobil yolu ilə 75 km şimalda yerləşir.",yes,Бибиково,8314a1fffffffff,50.80712694735428,127.21882691761745,wikipedia,china-heilongjiang,https://en.wikipedia.org/?curid=59145011,7f5029a761791d17,az
